external_id,domain,type,topic,difficulty,question,code,language,option_a,option_b,option_c,option_d,correct,explanation
AIML-E001,ai-ml,mcq,supervised-learning,easy,A model is trained on emails labelled 'spam' or 'not spam'. What kind of learning is this?,,,Supervised classification,Unsupervised clustering,Reinforcement learning,Dimensionality reduction,A,Labelled inputs with discrete target categories is the definition of supervised classification.
AIML-E002,ai-ml,mcq,supervised-learning,easy,You want to predict a house price in rupees from its features. Which output type does this call for?,,,Regression,Binary classification,Multi-class classification,Clustering,A,"The target is a continuous numeric value, so this is regression rather than classification."
AIML-E003,ai-ml,mcq,overfitting,easy,A model scores 99% on training data and 62% on unseen data. What is happening?,,,Overfitting,Underfitting,Data leakage into the test set,The model is well generalised,A,A large gap where training far exceeds validation is the signature of overfitting: the model memorised rather than generalised.
AIML-E004,ai-ml,mcq,overfitting,easy,A model scores 58% on training data and 57% on validation data. What is the most likely problem?,,,Underfitting,Overfitting,Too much regularisation of the test set,Nothing is wrong,A,Poor performance on both sets means the model is too simple to capture the pattern at all.
AIML-E005,ai-ml,mcq,evaluation,easy,What does accuracy measure?,,,The fraction of all predictions that were correct,The fraction of positive predictions that were correct,The fraction of actual positives that were found,The average prediction error,A,Accuracy is correct predictions divided by total predictions. Precision and recall are the other two options described.
AIML-E006,ai-ml,mcq,evaluation,easy,"In a dataset where 99% of transactions are legitimate, a model predicts 'legitimate' every time. What is its accuracy?",,,99%,50%,1%,It cannot be determined,A,It is right on all 99% legitimate cases. This is exactly why accuracy is a misleading metric on imbalanced data.
AIML-E007,ai-ml,mcq,evaluation,easy,What is precision?,,,"Of the items predicted positive, how many actually were","Of the actual positives, how many were found",The fraction of all predictions that were correct,The spread of the model's errors,A,Precision is TP / (TP + FP): it asks how trustworthy a positive prediction is.
AIML-E008,ai-ml,mcq,evaluation,easy,What is recall?,,,"Of the actual positives, how many the model found","Of the predicted positives, how many were right",The total error across the dataset,How fast the model runs at inference,A,Recall is TP / (TP + FN): it asks how much of the real positive population was caught.
AIML-E009,ai-ml,mcq,data-splitting,easy,Why is a dataset split into training and test sets?,,,To estimate how the model performs on data it has never seen,To make training run faster,To reduce the size of the dataset,To balance the class distribution,A,"Evaluating on data used for training tells you about memorisation, not about generalisation."
AIML-E010,ai-ml,mcq,data-splitting,easy,What is a validation set used for?,,,Tuning hyperparameters without touching the test set,Training the final model weights,Reporting the final published accuracy,Storing the raw unlabelled data,A,The validation set guides choices during development so the test set stays a genuinely unseen final check.
AIML-E011,ai-ml,mcq,neural-networks,easy,What does an activation function add to a neural network?,,,"Non-linearity, so stacked layers can model complex relationships",Faster matrix multiplication,Automatic feature labelling,Guaranteed convergence,A,"Without a non-linear activation, any stack of linear layers collapses into a single linear transformation."
AIML-E012,ai-ml,mcq,neural-networks,easy,What does ReLU do to its input?,,,Returns the input if positive and zero otherwise,Squashes the input to between 0 and 1,Squashes the input to between -1 and 1,Normalises the input to zero mean,A,"ReLU is max(0, x). Sigmoid gives 0 to 1 and tanh gives -1 to 1."
AIML-E013,ai-ml,mcq,neural-networks,easy,"In a neural network, what is an epoch?",,,One full pass over the entire training dataset,One update of the weights,One layer of the network,One sample from the training set,A,An epoch is a complete pass through all training data; a single weight update is a step or iteration.
AIML-E014,ai-ml,mcq,optimisation,easy,What does gradient descent do?,,,Adjusts parameters in the direction that reduces the loss,Selects which features to keep,Splits the data into batches,Chooses the number of layers,A,It follows the negative gradient of the loss with respect to the parameters to find lower loss.
AIML-E015,ai-ml,mcq,optimisation,easy,What happens if the learning rate is far too large?,,,Training diverges or oscillates instead of converging,Training becomes slow but stable,The model always underfits,Nothing changes,A,"Oversized steps overshoot the minimum repeatedly, so the loss bounces or blows up."
AIML-E016,ai-ml,mcq,optimisation,easy,What happens if the learning rate is far too small?,,,Training converges very slowly and may stall in a poor region,Training diverges immediately,The model cannot be evaluated,The loss becomes negative,A,Tiny steps make progress crawl and can leave the model stuck long before it reaches a good solution.
AIML-E017,ai-ml,mcq,unsupervised-learning,easy,Which task is unsupervised?,,,Grouping customers into segments with no predefined labels,Predicting tomorrow's temperature from historical labelled data,Classifying X-rays as normal or abnormal using radiologist labels,Predicting salary from years of experience,A,"Only the first works without target labels, which is what makes it unsupervised."
AIML-E018,ai-ml,mcq,unsupervised-learning,easy,What does k-means require you to choose in advance?,,,The number of clusters k,The labels for each cluster,The maximum distance between points,The number of features,A,"k-means needs k up front, which is why techniques like the elbow method exist to help pick it."
AIML-E019,ai-ml,mcq,feature-engineering,easy,Why are numeric features often scaled before training?,,,So features with large ranges do not dominate distance and gradient calculations,To remove missing values,To convert them into categories,To increase the number of samples,A,"Algorithms based on distance or gradients are sensitive to feature magnitude, so unscaled large-range features dominate."
AIML-E020,ai-ml,mcq,feature-engineering,easy,What is one-hot encoding used for?,,,Turning a categorical variable into binary indicator columns,Scaling numeric features to zero mean,Reducing the number of rows,Filling in missing values,A,It creates one binary column per category so models do not read a false numeric ordering into category codes.
AIML-E021,ai-ml,mcq,feature-engineering,easy,"Why is assigning red=1, green=2, blue=3 usually a poor encoding for a model?",,,It implies an order and spacing between colours that does not exist,It uses too much memory,It cannot be stored in a dataframe,It always causes overfitting,A,"Numeric codes imply blue is greater than red and that green sits midway, which is meaningless for colours."
AIML-E022,ai-ml,mcq,regularisation,easy,What is the purpose of regularisation?,,,To discourage overly complex models and improve generalisation,To speed up training,To increase training accuracy as much as possible,To clean the input data,A,"Regularisation penalises complexity, trading a little training fit for better performance on unseen data."
AIML-E023,ai-ml,mcq,regularisation,easy,What does dropout do during training?,,,Randomly deactivates a fraction of neurons each step,Removes outlier rows from the dataset,Deletes unused layers from the network,Stops training when loss plateaus,A,"Randomly dropping units stops the network relying on any single neuron, which reduces overfitting."
AIML-E024,ai-ml,mcq,overfitting,easy,What is early stopping?,,,Halting training when validation performance stops improving,Stopping when training accuracy reaches 100%,Reducing the dataset size before training,Skipping the validation step to save time,A,"It uses the validation curve to stop at the point of best generalisation, before overfitting sets in."
AIML-E025,ai-ml,mcq,decision-trees,easy,What does a decision tree do at each internal node?,,,Splits the data on a feature threshold,Averages the predictions of its children,Applies an activation function,Randomly samples the training data,A,Each internal node tests a feature against a threshold and routes samples down one branch or the other.
AIML-E026,ai-ml,mcq,decision-trees,easy,Why is a very deep unpruned decision tree prone to overfitting?,,,It can carve out a branch for nearly every individual training example,It uses too few features,It cannot represent non-linear boundaries,It always underestimates the target,A,Unlimited depth lets the tree memorise individual samples rather than learn general rules.
AIML-E027,ai-ml,mcq,ensembles,easy,What is a random forest?,,,An ensemble of decision trees whose predictions are combined,A single very deep decision tree,A neural network with tree-shaped layers,A clustering algorithm,A,It aggregates many trees trained on bootstrapped samples and random feature subsets to reduce variance.
AIML-E028,ai-ml,mcq,ensembles,easy,Why does averaging many models often beat using one?,,,"Their individual errors partly cancel, reducing variance",It makes training faster,It guarantees zero bias,It removes the need for a test set,A,"If errors are not perfectly correlated, averaging cancels some of them and stabilises the prediction."
AIML-E029,ai-ml,mcq,nlp,easy,What is tokenisation in NLP?,,,Splitting text into smaller units such as words or subwords,Translating text into another language,Removing all punctuation from text,Converting text to lowercase,A,Tokenisation breaks a string into the discrete units a model actually consumes.
AIML-E030,ai-ml,mcq,nlp,easy,What does a word embedding give you?,,,A dense vector where similar words sit close together,A unique integer id for each word,The dictionary definition of a word,The frequency of a word in the corpus,A,Embeddings map words into a continuous space where geometric closeness reflects semantic similarity.
AIML-E031,ai-ml,mcq,computer-vision,easy,What is a convolutional layer particularly good at?,,,Detecting local spatial patterns regardless of where they appear,Sorting pixels by brightness,Compressing images without loss,Guaranteeing rotation invariance,A,"Shared filters slide across the image, so a pattern is detected wherever it occurs."
AIML-E032,ai-ml,mcq,computer-vision,easy,What does a pooling layer typically do?,,,Reduces the spatial size of the feature map,Increases the number of channels,Adds non-linearity to the network,Normalises pixel values,A,"Pooling downsamples, cutting computation and giving a little translation tolerance."
AIML-E033,ai-ml,mcq,evaluation,easy,What is a confusion matrix?,,,A table of predicted versus actual classes,A plot of loss over training epochs,A ranking of feature importances,A matrix of feature correlations,A,"It lays out true positives, false positives, true negatives and false negatives in one table."
AIML-E034,ai-ml,mcq,evaluation,easy,What does the F1 score combine?,,,Precision and recall,Accuracy and loss,Bias and variance,Training and validation error,A,"F1 is the harmonic mean of precision and recall, so it is only high when both are."
AIML-E035,ai-ml,mcq,data-quality,easy,A column in your training data is missing for 40% of rows. Which is the most responsible first step?,,,Investigate why it is missing before deciding how to handle it,Delete the column immediately,Fill every gap with zero,Fill every gap with the column mean,A,Whether values are missing at random or for a systematic reason changes which handling is valid; the mechanism comes first.
AIML-E036,ai-ml,mcq,bias,easy,A hiring model trained on ten years of past hiring decisions reproduces historical under-hiring of a group. What is the cause?,,,The training labels encode the historical bias,The model has too few layers,The learning rate was too high,The test set was too small,A,A model learns the pattern in its labels; biased historical decisions become biased predictions.
AIML-E037,ai-ml,mcq,probability,easy,A model outputs 0.9 for class A in a binary classifier. What does this usually represent?,,,An estimated probability that the input belongs to class A,The number of training examples of class A,The model's accuracy on class A,The distance to the decision boundary in raw units,A,After a sigmoid or softmax the output is read as an estimated class probability.
AIML-E038,ai-ml,mcq,probability,easy,What must the outputs of a softmax layer sum to?,,,1,0,The number of classes,The batch size,A,"Softmax normalises its inputs into a probability distribution over the classes, so they sum to one."
AIML-E039,ai-ml,mcq,knn,easy,How does k-nearest neighbours classify a new point?,,,By taking a vote among the k closest training points,By fitting a line through the training data,By splitting on feature thresholds,By updating weights with gradient descent,A,kNN is instance-based: it stores the training data and votes among nearest neighbours at prediction time.
AIML-E040,ai-ml,mcq,knn,easy,What is a practical drawback of kNN at prediction time?,,,"It must compare against many stored training points, so it can be slow",It cannot handle numeric features,It always overfits,It requires a GPU,A,Training is trivial but inference cost grows with the size of the stored dataset.
AIML-E041,ai-ml,mcq,linear-models,easy,What does linear regression fit?,,,A straight-line relationship between features and a continuous target,A decision boundary between two classes only,A probability distribution over categories,A tree of feature splits,A,Linear regression models the target as a weighted sum of the features plus an intercept.
AIML-E042,ai-ml,mcq,linear-models,easy,"Despite its name, what does logistic regression do?",,,"Classification, by modelling the probability of a class",Regression on continuous targets,Clustering of unlabelled data,Dimensionality reduction,A,It applies a logistic function to a linear combination to produce a class probability.
AIML-E043,ai-ml,mcq,dimensionality-reduction,easy,What is the goal of principal component analysis?,,,Represent the data in fewer dimensions while keeping most of its variance,Increase the number of features,Label unlabelled data,Balance the class distribution,A,"PCA projects onto the directions of greatest variance, keeping as much information as possible in fewer axes."
AIML-E044,ai-ml,mcq,transformers,easy,What does the attention mechanism let a model do?,,,Weigh how much each input position matters for each output,Reduce the model's parameter count,Run without any training data,Guarantee correct grammar,A,Attention computes relevance weights between positions so the model can focus on the parts that matter.
AIML-E045,ai-ml,mcq,transformers,easy,Why do transformer models need positional encoding?,,,Self-attention alone has no notion of the order of the sequence,To reduce the size of embeddings,To normalise the learning rate,To convert text to lowercase,A,"Attention treats inputs as a set, so order information must be injected explicitly."
AIML-E046,ai-ml,mcq,training,easy,What is a batch size?,,,The number of samples processed before one weight update,The number of features per sample,The number of epochs to train for,The number of layers in the model,A,A batch is the group of samples whose gradients are averaged for a single parameter update.
AIML-E047,ai-ml,mcq,training,easy,What is a loss function?,,,A measure of how wrong the model's predictions are,The time taken to train one epoch,The number of parameters that were pruned,The fraction of data held out for testing,A,The loss quantifies prediction error and is the quantity optimisation tries to minimise.
AIML-E048,ai-ml,mcq,training,easy,Which loss is standard for multi-class classification?,,,Cross-entropy loss,Mean squared error,Mean absolute error,Hinge loss on raw counts,A,Cross-entropy compares the predicted probability distribution against the true class distribution.
AIML-E049,ai-ml,mcq,training,easy,Which loss is standard for a simple regression problem?,,,Mean squared error,Cross-entropy loss,Binary log loss,Kullback-Leibler divergence over classes,A,MSE penalises squared deviation between predicted and actual continuous values.
AIML-E050,ai-ml,mcq,reinforcement-learning,easy,"In reinforcement learning, what does an agent learn from?",,,Rewards received after taking actions in an environment,Labelled input-output pairs,Cluster assignments,Reconstruction error,A,"RL learns a policy by trial and error, guided by a scalar reward signal rather than labels."
AIML-E051,ai-ml,mcq,reinforcement-learning,easy,What is the exploration-exploitation trade-off?,,,Choosing between trying new actions and repeating known-good ones,Choosing between more layers and faster training,Choosing between precision and recall,Choosing between training and test data,A,Always exploiting can lock in a mediocre strategy; always exploring never cashes in on what was learned.
AIML-E052,ai-ml,mcq,data-leakage,easy,Why is scaling features using statistics from the whole dataset before splitting a mistake?,,,"Test-set information leaks into training, inflating the reported score",It makes training slower,It changes the number of features,It converts numeric data to categorical,A,The scaler must be fitted on training data only; otherwise the model has indirectly seen the test set.
AIML-E053,ai-ml,mcq,imbalance,easy,Which is a reasonable response to a heavily imbalanced dataset?,,,"Use precision, recall and F1 rather than accuracy alone",Always delete the minority class,Always train for more epochs,"Ignore it, since accuracy will be high",A,On imbalanced data accuracy is uninformative; per-class metrics reveal what the model actually does.
AIML-E054,ai-ml,code_output,numpy,easy,What does this print?,"import numpy as np\na = np.array([1, 2, 3, 4])\nprint(a[a > 2].sum())",python,7,10,3,"[3, 4]",A,"Boolean masking selects [3, 4] and their sum is 7."
AIML-E055,ai-ml,code_output,numpy,easy,What does this print?,"import numpy as np\na = np.array([[1, 2], [3, 4]])\nprint(a.shape)",python,"(2, 2)","(4,)","(2,)","[2, 2]",A,"The array has two rows and two columns, so shape is the tuple (2, 2)."
AIML-E056,ai-ml,code_output,sklearn,easy,What is the value of the printed score?,"from sklearn.metrics import accuracy_score\ny_true = [1, 0, 1, 1]\ny_pred = [1, 0, 0, 1]\nprint(accuracy_score(y_true, y_pred))",python,0.75,0.5,1.0,0.25,A,"Three of the four predictions match, so accuracy is 3/4 = 0.75."
AIML-E057,ai-ml,mcq,model-selection,easy,What is cross-validation?,,,Training and evaluating repeatedly on different splits and averaging the result,Testing the model on the training data,Using two models and picking the faster one,Splitting features into two halves,A,k-fold cross-validation gives a more stable performance estimate than a single arbitrary split.
AIML-E058,ai-ml,mcq,model-selection,easy,What is a hyperparameter?,,,"A setting chosen before training, such as learning rate or tree depth",A weight learned by gradient descent,A row in the training data,The output of the loss function,A,Hyperparameters are configured by the practitioner; parameters are learned from data.
AIML-E059,ai-ml,mcq,deployment,easy,What is model drift?,,,Model performance degrading as real-world data diverges from training data,The model file becoming corrupted over time,Weights changing during inference,Predictions being cached too long,A,The world moves on; a model trained on last year's distribution slowly stops matching this year's inputs.
AIML-E060,ai-ml,mcq,deployment,easy,Why monitor a deployed model's input distribution?,,,To detect drift before accuracy visibly collapses,To reduce the model's file size,To increase the training set automatically,To avoid needing a test set,A,"Input drift usually precedes measurable performance loss, so it is an early warning."
AIML-E061,ai-ml,mcq,bias-variance,easy,A model that is too simple for the data has which characteristic?,,,High bias,High variance,Zero training error,Perfect generalisation,A,Underfitting is high bias: the model's assumptions are too rigid to capture the real pattern.
AIML-E062,ai-ml,mcq,bias-variance,easy,A model whose predictions change a lot with small changes in training data has which characteristic?,,,High variance,High bias,Low capacity,Guaranteed underfitting,A,Sensitivity to the particular training sample is the definition of high variance.
AIML-E063,ai-ml,mcq,clustering,easy,What does hierarchical clustering produce?,,,A nested tree of clusters you can cut at any level,Exactly k clusters chosen in advance,A single linear boundary,A probability for each label,A,"It builds a dendrogram, and you choose the number of clusters by where you cut it."
AIML-E064,ai-ml,mcq,nlp,easy,What does stop-word removal do?,,,Drops very common words that carry little distinguishing meaning,Removes misspelled words,Removes the last word of each sentence,Removes all punctuation,A,"Words like 'the' and 'is' appear everywhere, so they rarely help distinguish documents."
AIML-E065,ai-ml,mcq,nlp,easy,What does TF-IDF weight up?,,,Terms frequent in one document but rare across the corpus,Terms frequent in every document,The longest words in a document,Words appearing in the title only,A,Term frequency rewards local frequency; inverse document frequency penalises words common everywhere.
AIML-E066,ai-ml,mcq,evaluation,easy,"For a cancer screening model, which error is usually more costly?",,,"A false negative, missing a real case","A false positive, flagging a healthy patient",Both are always equally costly,Neither matters if accuracy is high,A,Missing a real case delays treatment; a false positive leads to further testing. The costs are asymmetric.
AIML-E067,ai-ml,mcq,neural-networks,easy,What does backpropagation compute?,,,Gradients of the loss with respect to each weight,The final class prediction,The optimal number of layers,The training data statistics,A,Backpropagation applies the chain rule backwards through the network to get each weight's gradient.
AIML-E068,ai-ml,mcq,neural-networks,easy,Why is weight initialisation to all zeros a problem in a neural network?,,,Every neuron in a layer computes the same gradient and never differentiates,It makes the loss undefined,It causes an immediate memory error,It guarantees overfitting,A,"Identical weights produce identical gradients, so symmetry is never broken and the units stay duplicates."
AIML-E069,ai-ml,mcq,transfer-learning,easy,What is transfer learning?,,,Reusing a model trained on one task as the starting point for another,Moving a model between two servers,Converting a model to a different file format,Training two models simultaneously,A,Features learned on a large general dataset are often a strong starting point for a smaller related task.
AIML-E070,ai-ml,mcq,data-quality,easy,Why is a duplicated row appearing in both the training and test sets a problem?,,,The test score is inflated because the model has already seen that example,It slows down training,It reduces the number of features,It has no effect,A,Any overlap between training and test data means the test set no longer measures generalisation.
AIML-M001,ai-ml,scenario,evaluation,medium,A fraud model has 95% precision and 40% recall. The business says missed fraud is far more expensive than a wasted review. What should you change?,,,Lower the decision threshold to catch more fraud at the cost of precision,Raise the decision threshold to protect precision,Retrain with fewer features,Switch the metric to accuracy,A,"Lowering the threshold classifies more cases as fraud, raising recall and lowering precision — the correct trade when false negatives cost more."
AIML-M002,ai-ml,scenario,data-leakage,medium,Your churn model scores 0.98 AUC offline but 0.61 in production. The training data included a 'cancellation_reason' column. What went wrong?,,,"The feature is only populated after churn, so it leaked the answer",The model was undertrained,The learning rate was too low,Production data has more rows,A,A feature that only exists once the outcome has happened cannot be available at prediction time. Classic target leakage.
AIML-M003,ai-ml,scenario,evaluation,medium,"Two models have identical accuracy on a 50/50 balanced test set, but one has much higher log loss. What does that tell you?",,,It is more confidently wrong on the cases it gets wrong,It is slower at inference,It uses more features,It will always generalise better,A,"Log loss punishes confident mistakes, so equal accuracy with worse log loss means poorly calibrated confidence."
AIML-M004,ai-ml,mcq,evaluation,medium,What does an ROC AUC of 0.5 indicate?,,,The model ranks positives no better than random,The model is perfectly accurate,Half the predictions are correct by class,The dataset is balanced,A,"AUC measures ranking quality; 0.5 is the diagonal, meaning no discriminative power at all."
AIML-M005,ai-ml,mcq,evaluation,medium,Why is precision-recall AUC often preferred over ROC AUC on highly imbalanced data?,,,ROC can look strong because true negatives dominate the false positive rate,PR AUC is faster to compute,ROC only works for binary problems,PR AUC ignores the minority class,A,"With overwhelming negatives, even many false positives barely move the false positive rate, so ROC flatters the model."
AIML-M006,ai-ml,scenario,overfitting,medium,Validation loss falls for 8 epochs then steadily rises while training loss keeps falling. What is happening and what is the fix?,,,Overfitting begins around epoch 8; stop there or add regularisation,Underfitting; train much longer,The learning rate is too small; increase it,The validation set is too large; shrink it,A,The divergence point is where generalisation stops improving. Early stopping or stronger regularisation is the response.
AIML-M007,ai-ml,mcq,regularisation,medium,What is the practical difference between L1 and L2 regularisation?,,,L1 can drive weights exactly to zero and select features; L2 shrinks them smoothly,L2 produces sparse models and L1 does not,L1 only works on linear models,They are mathematically identical,A,"The L1 penalty has a constant gradient toward zero, so weights can land on zero; L2 shrinks proportionally and rarely reaches it."
AIML-M008,ai-ml,mcq,regularisation,medium,Increasing the regularisation strength moves a model in which direction?,,,Toward higher bias and lower variance,Toward lower bias and higher variance,Toward both lower bias and lower variance,It has no effect on the trade-off,A,"Regularisation constrains the model, which simplifies it: bias rises, variance falls."
AIML-M009,ai-ml,scenario,imbalance,medium,Your dataset is 99.5% negative. You oversample the minority class to 50/50 and accuracy jumps to 94%. Is the model better?,,,Not necessarily — you must evaluate on the original imbalanced distribution,"Yes, 94% is a strong result","Yes, because the classes are now balanced","No, oversampling always makes models worse",A,"Resampling changes training, not reality. Evaluation must reflect the distribution the model will actually meet."
AIML-M010,ai-ml,mcq,imbalance,medium,What does SMOTE do?,,,Creates synthetic minority examples by interpolating between real neighbours,Deletes majority-class rows at random,Reweights the loss function,Adds Gaussian noise to all features,A,SMOTE generates new points along the lines between a minority sample and its nearest minority neighbours.
AIML-M011,ai-ml,code_output,numpy,medium,What does this print?,"import numpy as np\na = np.array([1, 2, 3])\nb = np.array([[10], [20]])\nprint((a + b).shape)",python,"(2, 3)","(3, 2)","(2, 1)",It raises a ValueError,A,"Broadcasting aligns (3,) with (2,1) to produce a (2,3) result."
AIML-M012,ai-ml,code_output,numpy,medium,What does this print?,"import numpy as np\na = np.arange(6).reshape(2, 3)\nprint(a.mean(axis=0))",python,[1.5 2.5 3.5],[1. 4.],[0 1 2],3.5,A,"axis=0 averages down the columns of [[0,1,2],[3,4,5]], giving [1.5, 2.5, 3.5]."
AIML-M013,ai-ml,code_output,sklearn,medium,What is printed?,"from sklearn.metrics import precision_score\ny_true = [1, 1, 0, 0]\ny_pred = [1, 0, 1, 0]\nprint(precision_score(y_true, y_pred))",python,0.5,0.25,1.0,0.75,A,"Two positives predicted, one correct, so precision is 1/2."
AIML-M014,ai-ml,debug,sklearn,medium,This pipeline reports suspiciously high accuracy. What is the bug?,"scaler = StandardScaler().fit(X)\nX_scaled = scaler.transform(X)\nX_tr, X_te, y_tr, y_te = train_test_split(X_scaled, y)",python,"The scaler is fitted on all data before the split, leaking test statistics",train_test_split is called with the wrong argument order,StandardScaler cannot be used with train_test_split,y should be scaled too,A,"Fitting on the full dataset lets test-set statistics inform training. Fit the scaler inside the split, or use a Pipeline."
AIML-M015,ai-ml,debug,training,medium,A training loop runs but the loss never changes. Which is the most likely cause?,"for x, y in loader:\n    pred = model(x)\n    loss = criterion(pred, y)\n    loss.backward()\n    optimizer.step()",python,"optimizer.zero_grad() is missing, so gradients accumulate across batches",criterion is the wrong loss function,The batch size is too small,The model has too few layers,A,"Without zeroing, gradients from every batch pile up and the updates stop reflecting the current batch. A frozen loss is the classic symptom."
AIML-M016,ai-ml,mcq,optimisation,medium,What does momentum add to gradient descent?,,,A running average of past gradients that smooths and accelerates descent,A guarantee of finding the global minimum,An automatic learning rate schedule,Regularisation of the weights,A,"Momentum accumulates a velocity term, damping oscillation across ravines and speeding progress along consistent directions."
AIML-M017,ai-ml,mcq,optimisation,medium,What distinguishes Adam from plain SGD?,,,It adapts a per-parameter learning rate from gradient moment estimates,It does not require a loss function,It always converges to a better minimum,It removes the need for batching,A,"Adam keeps running estimates of the first and second moments, giving each parameter its own effective step size."
AIML-M018,ai-ml,mcq,neural-networks,medium,What problem does batch normalisation primarily address?,,,"Shifting layer input distributions during training, which slows convergence",Insufficient training data,Overly large batch sizes,Vanishing labels,A,"Normalising layer inputs stabilises their distribution across updates, letting you train faster and at higher learning rates."
AIML-M019,ai-ml,mcq,neural-networks,medium,Why does the vanishing gradient problem hurt deep sigmoid networks?,,,"Sigmoid derivatives are small, so gradients shrink toward zero through many layers",Sigmoid outputs are unbounded,The loss becomes negative,Weights grow without limit,A,"Repeated multiplication by derivatives below 1 drives the gradient toward zero, so early layers barely learn."
AIML-M020,ai-ml,mcq,neural-networks,medium,How do residual connections help very deep networks?,,,"They give gradients a short path back, easing optimisation of deep stacks",They reduce the parameter count,They remove the need for activation functions,They guarantee no overfitting,A,"Skip connections let the gradient bypass layers, which is why networks hundreds of layers deep became trainable."
AIML-M021,ai-ml,scenario,deployment,medium,A model performs well in testing but latency in production is 10x higher than budget. Which is the most appropriate first step?,,,"Profile to find whether the bottleneck is the model, feature fetching or serialisation",Retrain with fewer epochs,Switch to a completely different algorithm,Increase the batch size at inference,A,Assuming the model is the bottleneck is a guess. Feature lookup and serialisation are frequently the real cost.
AIML-M022,ai-ml,mcq,deployment,medium,What is a feature store for?,,,Serving the same feature definitions consistently to training and inference,Storing trained model binaries,Caching HTTP responses,Versioning source code,A,Training/serving skew comes from computing features two different ways; a feature store keeps one definition.
AIML-M023,ai-ml,mcq,model-selection,medium,"Why should the test set be used only once, at the very end?",,,Repeatedly tuning against it turns it into a second validation set and inflates the estimate,It is usually too small to reuse,Reading it twice corrupts the file,It is only valid for linear models,A,"Every decision made by looking at the test set leaks information into the model, and the score stops being an honest estimate."
AIML-M024,ai-ml,mcq,model-selection,medium,What is nested cross-validation for?,,,Getting an unbiased performance estimate when you also tune hyperparameters,Training on more data,Reducing the number of folds,Speeding up model selection,A,"An inner loop tunes and an outer loop evaluates, so the reported score is not contaminated by tuning."
AIML-M025,ai-ml,scenario,time-series,medium,You are predicting next month's demand and use random k-fold cross-validation. Why is this wrong?,,,"Random folds train on future data to predict the past, leaking information",k-fold is only valid for classification,Time series cannot be cross-validated at all,The folds will be unbalanced,A,Temporal order matters. Use forward-chaining splits where training always precedes validation in time.
AIML-M026,ai-ml,mcq,time-series,medium,What does a strong autocorrelation at lag 12 in monthly data suggest?,,,Yearly seasonality,A linear upward trend,White noise,Missing values every 12 rows,A,A repeating relationship 12 months apart is the signature of an annual seasonal cycle.
AIML-M027,ai-ml,mcq,ensembles,medium,How does boosting differ from bagging?,,,"Boosting trains models sequentially, each focusing on the previous errors",Boosting trains all models independently in parallel,Bagging always uses neural networks,They are the same technique,A,Bagging reduces variance through independent parallel models; boosting reduces bias by fitting residual errors in sequence.
AIML-M028,ai-ml,mcq,ensembles,medium,Why can gradient boosting overfit more easily than a random forest?,,,"Each tree deliberately fits the residual errors of the last, including noise",It uses fewer trees,It cannot be regularised,It always uses the full dataset per tree,A,"Sequentially chasing residuals lets the ensemble fit noise, so learning rate, depth and early stopping matter more."
AIML-M029,ai-ml,mcq,interpretability,medium,What does a SHAP value tell you?,,,Each feature's contribution to pushing one prediction away from the baseline,The global accuracy of the model,The correlation between two features,The optimal number of trees,A,SHAP attributes a single prediction's deviation from the expected value across the features that caused it.
AIML-M030,ai-ml,scenario,interpretability,medium,A loan model must give applicants a reason for rejection. Which approach best fits?,,,A per-prediction attribution method such as SHAP on an interpretable feature set,Global feature importance only,Increasing model accuracy,Removing all categorical features,A,"Regulatory reason codes are about the individual decision, so per-prediction attributions are what is needed."
AIML-M031,ai-ml,mcq,nlp,medium,What problem do subword tokenisers such as BPE solve?,,,"Out-of-vocabulary words, by decomposing rare words into known pieces",Slow GPU training,Text encoding errors,Sentence boundary detection,A,"Any unseen word can be represented as a sequence of known subword units, so the vocabulary stays finite without unknown tokens."
AIML-M032,ai-ml,mcq,nlp,medium,Why are contextual embeddings an improvement over static word vectors?,,,The same word gets different vectors depending on surrounding context,They use less memory,They need no training data,They are always lower dimensional,A,"'Bank' in a river sentence and a finance sentence get different representations, which static vectors cannot express."
AIML-M033,ai-ml,mcq,transformers,medium,What is the computational cost of self-attention with respect to sequence length n?,,,Quadratic in n,Linear in n,Constant,Logarithmic in n,A,"Every position attends to every other, producing an n x n attention matrix."
AIML-M034,ai-ml,mcq,transformers,medium,What does multi-head attention provide over a single attention head?,,,Several representation subspaces attended to in parallel,Fewer parameters,Guaranteed longer context,Faster tokenisation,A,"Different heads can specialise on different relationships, such as syntax in one and coreference in another."
AIML-M035,ai-ml,scenario,bias,medium,A model that never sees race still discriminates by race. What is the most likely explanation?,,,Other features such as postcode act as proxies for it,The model is broken,Removing a feature always removes its effect,The test set is too small,A,"Correlated features carry the same information. Removing the sensitive attribute hides it from you, not from the model."
AIML-M036,ai-ml,mcq,bias,medium,Why can you not satisfy all common fairness definitions at once?,,,They are mathematically incompatible except in degenerate cases,They require too much compute,They need labelled sensitive attributes,They only apply to deep models,A,"Equalised odds, demographic parity and calibration cannot all hold simultaneously unless base rates are equal, so the choice is a value judgement."
AIML-M037,ai-ml,mcq,clustering,medium,Why can k-means perform poorly on elongated or crescent-shaped clusters?,,,It assumes roughly spherical clusters of similar size,It cannot handle numeric data,It requires labelled data,It only works in two dimensions,A,Minimising within-cluster variance around centroids implicitly assumes convex isotropic clusters.
AIML-M038,ai-ml,mcq,clustering,medium,What advantage does DBSCAN have over k-means?,,,It finds arbitrarily shaped clusters and labels outliers as noise,It runs faster on every dataset,It requires no parameters at all,It guarantees k clusters,A,Density-based clustering follows the shape of the data and does not force every point into a cluster.
AIML-M039,ai-ml,mcq,dimensionality-reduction,medium,Why must features be standardised before PCA?,,,Otherwise features with larger units dominate the principal components,PCA cannot handle negative numbers,It reduces the number of components needed to one,Standardisation is not required,A,"PCA maximises variance, and variance is unit-dependent, so an unscaled feature in large units hijacks the first component."
AIML-M040,ai-ml,mcq,dimensionality-reduction,medium,What does t-SNE preserve well and what does it not?,,,Local neighbourhoods well; global distances poorly,Global distances well; local structure poorly,Both perfectly,Neither,A,"Cluster separation distances in a t-SNE plot are not meaningful, which is why they should not be interpreted as similarity."
AIML-M041,ai-ml,scenario,training,medium,Training loss is NaN after a few hundred steps. Which is the most likely cause?,,,Exploding gradients or a learning rate that is too high,Too much training data,The batch size is even,Not enough epochs,A,Numeric blow-up from oversized updates is the usual culprit; gradient clipping and a lower learning rate are the standard fixes.
AIML-M042,ai-ml,mcq,training,medium,What does gradient clipping do?,,,Caps gradient magnitude so a single huge update cannot destabilise training,Removes small gradients entirely,Reduces the number of parameters,Speeds up the forward pass,A,"Clipping bounds the update size, which keeps recurrent and deep models from diverging."
AIML-M043,ai-ml,mcq,computer-vision,medium,Why is data augmentation especially useful for image models?,,,It multiplies effective training data with label-preserving transformations,It reduces image resolution,It removes the need for a validation set,It converts images to grayscale,A,"Flips, crops and colour jitter teach invariances the model should have without collecting more labelled images."
AIML-M044,ai-ml,scenario,computer-vision,medium,You augment a digit-recognition dataset with horizontal flips and accuracy drops. Why?,,,"Flipping changes the label for digits like 2 and 5, so the augmentation is not label-preserving",Flipping always hurts accuracy,The model needs more epochs,Flips reduce image quality,A,Augmentation must preserve the label. A horizontally flipped digit is usually not the same digit.
AIML-M045,ai-ml,mcq,transfer-learning,medium,"When fine-tuning a pretrained network on a small dataset, why freeze early layers?",,,They capture general features and would overfit if retrained on little data,They are the slowest to compute,They contain no useful information,Freezing increases model capacity,A,Early layers learn generic edges and textures. Retraining them on a small set destroys good features and overfits.
AIML-M046,ai-ml,mcq,probability,medium,A test is 99% accurate for a disease affecting 1 in 10000. A random person tests positive. Roughly what is the chance they have it?,,,About 1%,About 99%,About 50%,About 90%,A,"With 10000 people you get ~1 true positive and ~100 false positives, so a positive result is right about 1% of the time. Base rates dominate."
AIML-M047,ai-ml,mcq,probability,medium,What does it mean for a classifier to be well calibrated?,,,"Among predictions of 0.7, about 70% are actually positive",Its accuracy is above 70%,Its outputs sum to 1,It never predicts values below 0.5,A,"Calibration is about the probabilities being honest, which is separate from ranking or accuracy."
AIML-M048,ai-ml,mcq,probability,medium,What does maximum likelihood estimation choose?,,,The parameters that make the observed data most probable,The parameters with the smallest magnitude,The model with the fewest features,The prediction with highest confidence,A,MLE maximises the probability of the observed sample under the model.
AIML-M049,ai-ml,mcq,linear-models,medium,What does multicollinearity do to a linear regression?,,,Coefficient estimates become unstable and hard to interpret,Predictions become impossible,The intercept disappears,Training fails to converge every time,A,"Correlated predictors make the coefficient split between them arbitrary, even when overall predictions stay reasonable."
AIML-M050,ai-ml,mcq,linear-models,medium,Why does adding more features almost always raise R-squared on the training set?,,,Extra parameters can only fit the training data at least as well,R-squared measures generalisation,It reduces bias to zero,More features always mean more signal,A,"R-squared never decreases when you add predictors, which is why adjusted R-squared exists."
AIML-M051,ai-ml,code_output,pandas,medium,What does this print?,"import pandas as pd\ndf = pd.DataFrame({'a': [1, 2, 2, 3]})\nprint(df['a'].nunique())",python,3,4,2,1,A,"There are three distinct values: 1, 2 and 3."
AIML-M052,ai-ml,code_output,pandas,medium,What does this print?,"import pandas as pd\nimport numpy as np\ns = pd.Series([1, np.nan, 3])\nprint(s.mean())",python,2.0,nan,1.3333333333333333,4.0,A,"pandas skips NaN by default, so the mean is (1+3)/2 = 2.0."
AIML-M053,ai-ml,debug,pandas,medium,Why does this produce a SettingWithCopyWarning and possibly fail to update df?,subset = df[df['age'] > 30]\nsubset['flag'] = True,python,subset may be a view rather than a copy so the assignment may not propagate,'flag' is a reserved column name,Boolean indexing is not allowed,df must be sorted first,A,Chained indexing leaves pandas unsure whether you have a view or a copy. Use .loc or an explicit .copy().
AIML-M054,ai-ml,mcq,decision-trees,medium,What does Gini impurity measure at a node?,,,How mixed the class labels are within that node,The depth of the tree,The number of samples reaching the node,The prediction error on the test set,A,Gini is zero when a node is pure and rises as classes become evenly mixed.
AIML-M055,ai-ml,mcq,decision-trees,medium,Why do decision trees favour high-cardinality categorical features when splitting?,,,Many distinct values give many candidate splits that can fit noise,They are always more informative,They are processed first alphabetically,Trees cannot use low-cardinality features,A,"More split candidates means more chances to find a spuriously good split, which biases importance measures."
AIML-M056,ai-ml,mcq,evaluation,medium,Why can accuracy on a stratified sample differ from accuracy in production?,,,Production class balance may differ from the sample you evaluated on,Accuracy is not a real metric,Stratification always inflates scores,Production always has more features,A,A metric is only meaningful relative to the distribution it was measured on.
AIML-M057,ai-ml,scenario,evaluation,medium,A recommender is evaluated by offline accuracy on historical clicks and does badly in an A/B test. What is the most likely reason?,,,"Historical clicks reflect what the old system showed, not true preference",Offline metrics are never useful,The A/B test was too short by definition,The model needs more layers,A,"Logged interactions are confounded by the previous policy's exposure, so offline replay is biased."
AIML-M058,ai-ml,mcq,reinforcement-learning,medium,What does the discount factor gamma control?,,,How much future rewards count relative to immediate ones,The learning rate,The exploration probability,The size of the state space,A,A gamma near zero makes the agent myopic; near one makes it value long-term return.
AIML-M059,ai-ml,mcq,reinforcement-learning,medium,What is the difference between on-policy and off-policy learning?,,,Off-policy can learn about one policy while following another,On-policy requires a simulator,Off-policy cannot use a replay buffer,They differ only in reward scaling,A,Q-learning is off-policy because it learns the greedy policy's value while acting with exploration.
AIML-M060,ai-ml,mcq,generative,medium,What are the two competing networks in a GAN?,,,A generator producing samples and a discriminator judging them,An encoder and a decoder,A teacher and a student,A policy and a value network,A,The generator tries to fool the discriminator while the discriminator learns to detect fakes.
AIML-M061,ai-ml,mcq,generative,medium,What is mode collapse in a GAN?,,,The generator produces only a narrow subset of the possible outputs,The discriminator stops training,The loss becomes negative,The latent space grows too large,A,The generator finds a few outputs that reliably fool the discriminator and stops covering the real distribution.
AIML-M062,ai-ml,mcq,generative,medium,What does an autoencoder's bottleneck layer force?,,,A compressed representation that keeps only what is needed to reconstruct,Faster training,More output classes,Higher input resolution,A,The narrow layer means the network must discard redundancy and keep informative structure.
AIML-M063,ai-ml,scenario,llm,medium,A retrieval-augmented system returns confident but wrong answers. Retrieval scores are low. What should you fix first?,,,"The retrieval stage, since the generator is being fed poor context",The generation temperature,The output token limit,The system prompt wording,A,"A generator cannot fix missing evidence. Low retrieval scores point at chunking, embedding or index quality."
AIML-M064,ai-ml,mcq,llm,medium,Why does chunk size matter in a retrieval pipeline?,,,Chunks too large dilute the embedding; too small lose the surrounding context,It only affects storage cost,Larger chunks are always better,It determines the model's parameter count,A,Embedding quality depends on a chunk being topically coherent yet self-contained.
AIML-M065,ai-ml,mcq,llm,medium,What does a lower sampling temperature do to generated text?,,,Makes it more deterministic and repetitive,Makes it more random,Increases the context window,Reduces the vocabulary size,A,Temperature sharpens or flattens the output distribution; low temperature concentrates probability on the top tokens.
AIML-M066,ai-ml,mcq,evaluation,medium,Why is a single train/test split less reliable than cross-validation on a small dataset?,,,The estimate depends heavily on which rows happened to land in the test set,It takes longer to compute,It cannot be used for classification,It always overestimates performance,A,"With few samples, split-to-split variance is large, so one number is a noisy estimate."
AIML-M067,ai-ml,mcq,feature-engineering,medium,What is target encoding and what is its main risk?,,,Replacing a category with its mean target; it leaks the target if computed naively,Scaling features to unit variance; it is always safe,One-hot encoding with fewer columns; it has no risk,Removing rare categories; it reduces bias,A,Using the target to build a feature leaks unless it is computed out-of-fold.
AIML-M068,ai-ml,mcq,feature-engineering,medium,Why can adding an interaction term help a linear model?,,,It lets the effect of one feature depend on the value of another,It reduces the number of parameters,It removes multicollinearity,It normalises the target,A,A plain linear model assumes additive independent effects; interactions relax that.
AIML-M069,ai-ml,scenario,data-quality,medium,Your labels were produced by three annotators who disagree on 30% of samples. What should you do before training?,,,Measure inter-annotator agreement and resolve or model the ambiguity,Train anyway and hope it averages out,Delete every disputed sample without inspection,Use only the fastest annotator's labels,A,A 30% disagreement rate caps achievable accuracy and may indicate the label definition itself is unclear.
AIML-M070,ai-ml,mcq,data-quality,medium,What is label noise and why does it matter?,,,Incorrect target values that place a ceiling on achievable performance,Random variation in features,Duplicate rows in the dataset,Missing values in a column,A,A model cannot be more accurate than its labels; noisy labels also encourage overfitting to the errors.
AIML-M071,ai-ml,mcq,neural-networks,medium,What is the practical effect of increasing batch size at a fixed learning rate?,,,"Gradient estimates get less noisy, which can slow escape from sharp minima",The model gains capacity,Training always converges faster in wall-clock time,Regularisation increases,A,"Larger batches reduce gradient noise, and that noise is part of what helps generalisation, so learning rate usually scales with batch size."
AIML-M072,ai-ml,mcq,neural-networks,medium,Why is a learning rate warmup often used with transformers?,,,Large early updates on freshly initialised weights destabilise training,It reduces memory usage,It replaces the need for an optimiser,It shortens the sequence length,A,"Ramping up avoids the large, poorly-directed steps that adaptive optimisers take before their moment estimates settle."
AIML-M073,ai-ml,debug,training,medium,Validation accuracy is far higher than training accuracy every epoch. What is the most likely explanation?,,,Regularisation such as dropout is active in training but not in evaluation,The model is underfitting,The validation set is corrupted,The learning rate is too low,A,"Dropout and similar layers handicap the training-time forward pass, so a modest gap in this direction is expected."
AIML-M074,ai-ml,mcq,deployment,medium,What is shadow deployment?,,,Running a new model alongside production on real traffic without serving its output,Deploying to a backup region,Training on production data,Serving a cached model,A,It validates behaviour on live traffic with zero user risk before switching over.
AIML-M075,ai-ml,mcq,deployment,medium,Why version the training data alongside the model?,,,A model is not reproducible without the exact data that produced it,To reduce storage costs,To speed up inference,Because the framework requires it,A,Reproducing or debugging a model months later requires knowing what it was actually trained on.
AIML-M076,ai-ml,scenario,monitoring,medium,A model's accuracy cannot be measured live because labels arrive 60 days later. What should you monitor meanwhile?,,,Input feature distributions and prediction distribution for drift,Nothing until labels arrive,Only server CPU usage,Only the model file checksum,A,Unlabelled proxies such as input and output drift are the available early signal when ground truth is delayed.
AIML-M077,ai-ml,mcq,clustering,medium,What does the silhouette score measure?,,,How much closer a point is to its own cluster than to the nearest other cluster,The number of clusters,The total within-cluster variance only,The purity against true labels,A,It ranges from -1 to 1 and combines cohesion and separation without needing labels.
AIML-M078,ai-ml,mcq,dimensionality-reduction,medium,What does the explained variance ratio of a principal component tell you?,,,The share of total dataset variance that component accounts for,The correlation between two features,The accuracy of a downstream model,The number of samples used,A,It is how you decide how many components to keep for a target level of retained information.
AIML-M079,ai-ml,mcq,nlp,medium,Why does cosine similarity often work better than Euclidean distance for text embeddings?,,,"It compares direction and ignores magnitude, which varies with document length",It is faster to compute,Euclidean distance is undefined in high dimensions,It always produces values above zero,A,Longer documents produce larger vectors; direction carries the semantic content.
AIML-M080,ai-ml,mcq,nlp,medium,What is named entity recognition?,,,"Labelling spans of text as people, places, organisations and similar",Translating text between languages,Detecting the sentiment of a sentence,Splitting text into sentences,A,NER is a sequence labelling task that identifies and types real-world entity mentions.
AIML-M081,ai-ml,scenario,ethics,medium,A model is highly accurate overall but much worse for one demographic group. What is the responsible response?,,,Report disaggregated performance and address the gap before deploying,"Deploy, since overall accuracy is high",Remove that group from the test set,Increase the overall accuracy target,A,"Aggregate metrics hide subgroup failures, and shipping a model that works worse for a group is a real harm."
AIML-M082,ai-ml,mcq,ethics,medium,Why is a human-in-the-loop review often required for high-stakes automated decisions?,,,Models make confident errors and consequential decisions need accountable oversight,It makes the model more accurate,It removes the need for testing,Regulations never allow automation,A,Oversight provides recourse and catches the failures a model cannot flag itself.
AIML-M083,ai-ml,mcq,optimisation,medium,What does a learning rate schedule that decays over training achieve?,,,"Large early steps to explore, small later steps to settle into a minimum",Faster data loading,Fewer parameters,Automatic feature selection,A,Decaying the step size lets the model make progress early and refine precisely later.
AIML-M084,ai-ml,mcq,optimisation,medium,Why are saddle points more of a problem than local minima in high-dimensional deep learning?,,,They are far more common in high dimensions and gradients near them are tiny,They have higher loss than any minimum,They cause NaN values,They only occur with Adam,A,"In many dimensions, critical points are overwhelmingly saddles rather than true local minima."
AIML-M085,ai-ml,mcq,ensembles,medium,What is stacking?,,,Training a meta-model on the predictions of several base models,Adding more layers to a network,Running the same model several times,Concatenating datasets,A,A second-level learner discovers how best to combine the base models' outputs.
AIML-M086,ai-ml,mcq,evaluation,medium,Why should a baseline model be built before a complex one?,,,It establishes the score any complex model must beat to be worth its cost,It is required by most frameworks,Baselines are always more accurate,It replaces the need for a test set,A,Without a baseline you cannot tell whether the complex model earns its complexity.
AIML-M087,ai-ml,scenario,model-selection,medium,Model A scores 0.842 and model B 0.847 on one validation split. What should you conclude?,,,Probably nothing yet — the difference may be within noise,B is clearly better,A is more robust,The test set is broken,A,A single split's difference of half a point is usually inside the variance; repeated splits or a confidence interval are needed.
AIML-M088,ai-ml,mcq,computer-vision,medium,Why do object detectors output both a class and a bounding box?,,,Detection localises objects as well as identifying them,Classification alone is too slow,Boxes reduce memory usage,The class is derived from the box coordinates,A,"Detection answers what and where, unlike classification which answers only what."
AIML-M089,ai-ml,mcq,computer-vision,medium,What does intersection over union measure?,,,Overlap between a predicted box and the ground-truth box,The number of detected objects,Pixel brightness similarity,The model's confidence score,A,IoU is the area of overlap divided by the area of union and is the standard localisation quality measure.
AIML-M090,ai-ml,mcq,training,medium,What does a stratified train/test split preserve?,,,The class distribution in both splits,The original row order,The feature scaling,The number of features,A,"Stratification keeps each split representative, which matters most when classes are imbalanced."
AIML-H001,ai-ml,scenario,data-leakage,hard,A medical model is trained on scans from two hospitals: hospital A has 90% positive cases and B has 10%. The model achieves 0.97 AUC but fails on a third hospital. What is the most likely cause?,,,It learned scanner-specific artefacts that correlate with hospital and therefore with label,The model is underfitting,The AUC metric is inappropriate here,The third hospital has fewer samples,A,"When a confound correlates almost perfectly with the label, the model learns the confound. This is why site-stratified validation matters in medical imaging."
AIML-H002,ai-ml,scenario,evaluation,hard,You improve a model from 0.80 to 0.86 AUC but the business metric does not move. Which explanation is most plausible?,,,The decision threshold and downstream action were unchanged so the ranking gain was never realised,AUC is always meaningless,The improvement was statistically impossible,The business metric is broken,A,Better ranking only creates value if the operating point and the action taken on it change. AUC gains do not automatically convert.
AIML-H003,ai-ml,scenario,imbalance,hard,A model must flag 0.1% positives. You are told to maximise recall at a precision floor of 20%. What is the right evaluation approach?,,,Sweep thresholds and report recall at the highest threshold meeting the precision floor,Report accuracy at the default 0.5 threshold,Report ROC AUC only,Balance the classes and report accuracy,A,"The requirement defines a constrained operating point, so the evaluation must search the threshold curve for it rather than use a default."
AIML-H004,ai-ml,debug,training,hard,A model trains well on one GPU but loss diverges on eight with the same hyperparameters. What is the most likely cause?,,,The effective batch size grew 8x while the learning rate stayed the same,Multi-GPU training is inherently unstable,The dataset is too small,Gradients cannot be synchronised,A,"Data-parallel training multiplies the effective batch. Learning rate normally scales with it, or warmup is needed."
AIML-H005,ai-ml,debug,sklearn,hard,Cross-validated accuracy is 0.99 but production accuracy is 0.6. The data has multiple rows per customer. What is wrong?,,,Rows from the same customer appear in both training and validation folds,Cross-validation always overestimates,The model needs more trees,Accuracy is the wrong metric,A,Grouped data requires GroupKFold. Otherwise near-duplicate rows leak across folds and the estimate is meaningless.
AIML-H006,ai-ml,scenario,time-series,hard,A demand model uses a 7-day rolling average feature computed over the full dataset before splitting. Why is the reported score invalid?,,,The rolling window at the split boundary includes future values,Rolling averages are never valid features,The window is too short,Splitting is unnecessary for time series,A,Any feature computed with a window that crosses the split leaks future information into training.
AIML-H007,ai-ml,mcq,probability,hard,Two features each have zero correlation with the target but together predict it perfectly. What does this show?,,,Univariate feature screening can discard features that only matter in interaction,Correlation is always sufficient,The target is mislabelled,The features are redundant,A,"XOR is the canonical example: each input is independent of the output alone, but jointly they determine it."
AIML-H008,ai-ml,mcq,probability,hard,Why does the curse of dimensionality break distance-based methods?,,,In high dimensions the ratio of nearest to farthest distance approaches one,Distances become negative,Memory usage grows exponentially,Features become correlated,A,"When all points are nearly equidistant, 'nearest neighbour' stops carrying information."
AIML-H009,ai-ml,scenario,interpretability,hard,"Permutation importance ranks a feature as unimportant, but removing it and retraining drops accuracy sharply. How is that possible?",,,A correlated feature substitutes for it when it is permuted but not when it is removed,Permutation importance is always wrong,The model was not retrained correctly,The feature has too many missing values,A,"Permutation leaves correlated partners intact, so the model still gets the information. Correlated features split their apparent importance."
AIML-H010,ai-ml,mcq,interpretability,hard,What assumption does a partial dependence plot make that is often violated?,,,That the varied feature is independent of the others,That the model is linear,That the target is binary,That the data is standardised,A,"PDPs average over the marginal distribution, which creates unrealistic feature combinations when features are correlated."
AIML-H011,ai-ml,scenario,deployment,hard,Training and serving use the same model file but produce different predictions for identical inputs. Where should you look first?,,,"The feature computation path, which usually differs between batch training and online serving",The model weights,The GPU driver,The random seed,A,"Training/serving skew is nearly always a feature pipeline difference, not the model itself."
AIML-H012,ai-ml,mcq,deployment,hard,Why can a model retrained on its own predictions degrade over time?,,,A feedback loop reinforces the model's existing biases as ground truth,Retraining always reduces accuracy,The data becomes too large,Predictions cannot be stored,A,"If the model influences which outcomes are observed and those become labels, errors become self-confirming."
AIML-H013,ai-ml,mcq,neural-networks,hard,Why does layer normalisation suit transformers better than batch normalisation?,,,It normalises per sample so it works with variable-length sequences and small batches,It uses fewer parameters,It is faster on GPUs,Batch norm cannot be differentiated,A,"Batch norm's statistics depend on the batch, which is unstable for sequence models and at inference with batch size one."
AIML-H014,ai-ml,mcq,neural-networks,hard,What does the lottery ticket hypothesis claim?,,,A dense network contains a sparse subnetwork that trains to comparable accuracy alone,Random initialisation does not matter,Larger networks always generalise better,Pruning must happen before initialisation,A,"It claims that with the original initialisation, a small winning subnetwork exists and can be trained in isolation."
AIML-H015,ai-ml,mcq,optimisation,hard,Why can a model with more parameters than training samples still generalise well?,,,Optimisation is implicitly biased toward simple solutions among the many that fit,It cannot; this always overfits,The extra parameters are ignored,More parameters reduce variance directly,A,"Overparameterised networks reach zero training error yet generalise, which classical bias-variance theory does not predict; implicit regularisation from SGD is the leading explanation."
AIML-H016,ai-ml,mcq,optimisation,hard,What is double descent?,,,"Test error falls, rises near the interpolation threshold, then falls again as capacity grows",Loss decreasing twice per epoch,Two optimisers running in sequence,A learning rate that decays twice,A,The classical U-curve is followed by a second descent past the point where the model can exactly fit the training data.
AIML-H017,ai-ml,scenario,bias,hard,A model satisfies demographic parity but a regulator objects that qualified applicants are rejected. What is the tension?,,,Demographic parity ignores whether the outcome is deserved; equal opportunity targets that instead,The model is simply broken,Demographic parity is never appropriate,The regulator misunderstands fairness,A,Equal selection rates and equal true positive rates are different criteria and can conflict when base rates differ.
AIML-H018,ai-ml,mcq,bias,hard,Why does removing a protected attribute not guarantee a fair model?,,,"Proxies reconstruct it, and you also lose the ability to measure disparity",It does guarantee fairness,Models require every attribute,Protected attributes are never predictive,A,"Fairness through unawareness fails on both counts: the information persists through correlates, and you can no longer audit for it."
AIML-H019,ai-ml,code_output,numpy,hard,What does this print?,"import numpy as np\na = np.array([1.0, 2.0, 3.0])\nb = a\nb += 1\nprint(a)",python,[2. 3. 4.],[1. 2. 3.],[2. 3. 4.] and a copy warning,It raises an error,A,"b is a reference to the same array and += modifies it in place, so a changes too."
AIML-H020,ai-ml,code_output,numpy,hard,What does this print?,"import numpy as np\nprint(np.array([0.1, 0.2, 0.3]).sum() == 0.6)",python,False,True,It raises a TypeError,None,A,"Binary floating point cannot represent these decimals exactly, so the sum differs from 0.6 by a tiny amount. Use np.isclose."
AIML-H021,ai-ml,debug,pytorch,hard,Evaluation accuracy is unexpectedly poor and varies run to run. What is missing?,"model.train()\nfor x, y in val_loader:\n    with torch.no_grad():\n        pred = model(x)",python,model.eval() is needed so dropout and batch norm switch to inference behaviour,torch.no_grad() is wrong here,The loader must be shuffled,The model needs retraining,A,"Leaving the model in train mode keeps dropout active and batch norm using batch statistics, which corrupts evaluation."
AIML-H022,ai-ml,debug,training,hard,A model achieves 100% training accuracy in the first epoch on a large dataset. What should you suspect?,,,A leaked target feature or duplicated data rather than a genuinely easy problem,An unusually good initialisation,Too small a learning rate,Too many layers,A,"Results that are too good arrive far more often from leakage than from genius, and should be investigated before celebrating."
AIML-H023,ai-ml,scenario,model-selection,hard,You test 200 hyperparameter configurations and pick the best validation score. Why is that score optimistically biased?,,,Selecting the maximum over many noisy estimates favours lucky configurations,Validation sets are always biased,200 is too few trials,Hyperparameters cannot be tuned this way,A,The winner's curse: the maximum of many noisy measurements exceeds the true best expected value. A held-out test set is needed.
AIML-H024,ai-ml,mcq,model-selection,hard,Why can random search beat grid search for hyperparameter tuning?,,,It explores more distinct values of the parameters that actually matter,It uses fewer total trials by definition,Grid search cannot handle continuous ranges,It guarantees the global optimum,A,Grid search wastes trials on repeated values of unimportant parameters; random search samples each dimension more richly.
AIML-H025,ai-ml,mcq,transformers,hard,Why does KV caching speed up autoregressive generation?,,,Previously computed keys and values are reused instead of recomputed each step,It compresses the model weights,It reduces the vocabulary,It skips the attention layer,A,"Without caching, each new token would recompute attention over the entire prefix, making generation quadratic in output length."
AIML-H026,ai-ml,mcq,transformers,hard,What does grouped-query attention trade away to save memory?,,,"Some key/value head diversity, by sharing them across query heads",Model depth,Positional information,Training stability,A,Fewer distinct key/value heads shrink the KV cache substantially at a modest quality cost.
AIML-H027,ai-ml,scenario,llm,hard,"An LLM evaluator scores your system's outputs higher when they are longer, regardless of quality. What is this and how do you address it?",,,Length bias in the judge; control for length or use pairwise comparison with position swapping,A genuine quality signal,A tokenisation bug,An artefact of temperature,A,LLM judges have known biases toward verbosity and position. Controlled comparison designs mitigate them.
AIML-H028,ai-ml,mcq,llm,hard,Why does a model fine-tuned on a narrow task often lose general capability?,,,Catastrophic forgetting: weights shift away from the general solution,The tokeniser changes,The context window shrinks,Fine-tuning removes parameters,A,Gradient updates on a narrow distribution overwrite representations that supported the broader behaviour.
AIML-H029,ai-ml,mcq,llm,hard,What does LoRA change during fine-tuning?,,,Only small low-rank adapter matrices while base weights stay frozen,Every weight in the model,The tokeniser vocabulary,The attention mechanism itself,A,Training a low-rank update drastically cuts trainable parameters and memory while keeping most of the quality.
AIML-H030,ai-ml,scenario,clustering,hard,k-means on standardised data gives clusters that just reflect the first principal component. What does that suggest?,,,"The data may have no genuine cluster structure, only a continuum of variation",k was set too high,The data was not standardised correctly,k-means is broken,A,Clustering algorithms always return clusters. Splitting along the dominant axis of variation is what happens when no real groups exist.
AIML-H031,ai-ml,mcq,evaluation,hard,Why is comparing two models on the same test set with a paired test more powerful than comparing means?,,,"It removes per-example difficulty variance, isolating the model difference",It requires fewer samples always,It works without labels,Unpaired tests are invalid,A,"Pairing on the same examples controls for the shared variation, making the test far more sensitive."
AIML-H032,ai-ml,mcq,probability,hard,Why does Simpson's paradox matter when evaluating a model across segments?,,,A trend present in every segment can reverse when the segments are pooled,It only affects small datasets,It applies only to regression,It is a rounding artefact,A,Aggregate performance can contradict every subgroup result when the segments have different sizes and base rates.
AIML-H033,ai-ml,scenario,monitoring,hard,Input distributions are stable but model accuracy is falling. What kind of drift is this?,,,Concept drift: the relationship between inputs and target has changed,Covariate shift,Label noise only,No drift at all,A,"When P(X) is stable but P(y given X) changes, the mapping the model learned no longer holds."
AIML-H034,ai-ml,mcq,monitoring,hard,Why is population stability index computed per feature rather than on the prediction alone?,,,"It localises which input has shifted, which the prediction alone cannot tell you",Predictions cannot be binned,PSI only works on categorical data,It is required for regulatory filing,A,"A shifted output tells you something moved; per-feature PSI tells you what, which is what you need to act."
AIML-H035,ai-ml,mcq,ensembles,hard,Why does bagging reduce variance but barely change bias?,,,Averaging independent estimators shrinks variance while leaving the shared systematic error,It changes the model class,It adds regularisation to each tree,It reduces the training set size,A,"Each bootstrap model has roughly the same bias, which averaging preserves, while their independent errors cancel."
AIML-H036,ai-ml,mcq,computer-vision,hard,Why is a model trained only on daytime images likely to fail at night even with augmentation?,,,Brightness augmentation does not reproduce the true sensor noise and lighting physics,Augmentation always works,Night images have fewer pixels,The model needs more layers,A,Synthetic transformations approximate a distribution shift; they do not replace real data from the target conditions.
AIML-H037,ai-ml,mcq,feature-engineering,hard,Why must out-of-fold target encoding be used rather than encoding on the full training set?,,,Encoding a row using its own target leaks the answer into the feature,It is faster,It produces fewer categories,Full-set encoding is undefined,A,"In-fold encoding gives each row a feature partly derived from its own label, which the model exploits and production cannot reproduce."
AIML-H038,ai-ml,scenario,ethics,hard,"A model is 94% accurate and replaces a human process that was 91% accurate, but its errors cluster on one rare group. What is the correct framing?",,,"Aggregate improvement can still be a regression for the affected group, which must be weighed explicitly",Higher accuracy always justifies deployment,The group is too small to matter,Human processes are always fairer,A,"Distributional effects matter, not only the mean. Concentrated harm is not offset by diffuse gains."
AIML-H039,ai-ml,mcq,reinforcement-learning,hard,What is reward hacking?,,,An agent maximises the stated reward in a way that violates the intended goal,The reward function crashing,An agent that never explores,Rewards being delayed,A,"The specified objective is a proxy; agents optimise the proxy exactly, including its loopholes."
AIML-H040,ai-ml,mcq,generative,hard,Why is FID preferred over per-image quality scores for evaluating generative models?,,,It compares the distribution of generated samples against real ones rather than judging images individually,It is faster,It needs no reference data,It works without a feature extractor,A,A model producing one perfect image repeatedly should score badly; distribution-level metrics capture coverage as well as fidelity.
